<?xml version="1.0" encoding="utf-8"?>
<extension type="template" method="upgrade" client="site">
	<name>IDS Gov - Exército Brasileiro</name>
	<version>1.3.3</version>
	<creationDate>Janeiro 2024</creationDate>
	<author>3º Sgt Souza Lima</author>
	<authorEmail>lucas.lima.rk@gmail.com</authorEmail>
	<description><![CDATA[
		<h1>Template baseado no Padrão Digital de Governo.</h1>
	    <br>
		<strong>Prencha para receber as notificações de atualização do template:<br></strong>
		<a href='https://forms.gle/Qxh9eRQdC8Kt1NUL8'>Formulário</a>
		<br><br>
		<p>Este template foi desenvolvido para melhorar a experiência dos usuários e seguir os padrões de acessibilidade.
		A versão atual inclui várias melhorias e correções de bugs.</p>
		]]></description>
	<inheritable>1</inheritable>
	<files>
		<filename>error.php</filename>
		<filename>index.php</filename>
		<filename>templateDetails.xml</filename>
		<folder>html</folder>
	</files>
	<media destination="templates/site/govbr-ds" folder="media">
		<folder>css</folder>
		<folder>favicons</folder>
		<folder>images</folder>
		<folder>img</folder>
		<folder>js</folder>
		<folder>fonts</folder>
		<folder>less</folder>
		<folder>metadata</folder>
		<folder>scss</folder>
		<folder>sprites</folder>
		<folder>svgs</folder>
		<folder>webfonts</folder>
	</media>
	<positions>
		<position>menuacesso</position>
		<position>search</position>
		<position>menu-body</position>
		<position>menu-logos</position>
		<position>menu-links</position>
		<position>main-top</position>
		<position>breadcrumbs</position>
		<position>content-top</position>
		<position>content-bottom</position>
		<position>main-bottom</position>
		<position>menumapa</position>
		<position>error-search</position>
		<position>debug</position>
	</positions>
	<config>
		<fields name="params">
			<fieldset name="advanced">
				<field name="largura" type="radio" layout="joomla.form.field.radio.switcher" default="0"
					label="Largura do conteúdo">
					<option value="0">Fixa</option>
					<option value="1">Fluida</option>
				</field>
				<field name="tipo-menu" type="radio" layout="joomla.form.field.radio.switcher" default="0"
					label="Tipo do Menu">
					<option value="0">Vertical</option>
					<option value="1">Horizontal</option>
				</field>
				<field name='title_page' type='text' label='Título da página' description='Nome que é exposto na aba do navegador' filter='string'/>
				
				<field name='tema' type='list' label='Tema' default=''>
					<option value=''>Verde</option>
					<option value='azul'>Azul</option>
					<option value='amarelo'>Amarelo</option>
					<option value='vermelho'>Vermelho</option>
				</field>
				<field name="tipomenu" type="radio" layout="joomla.form.field.radio.switcher" default="0"
					label="Menu principal">
					<option value="0">Flutuante</option>
					<option value="1">Empurrando</option>
				</field>
				<field name="cor_footer" type="radio" layout="joomla.form.field.radio.switcher" default="0"
					label="Cor do rodapé">
					<option value="0">Escuro</option>
					<option value="1">Claro</option>
				</field>
				<field name="imagem_logo" type="media" label="Logo"
					description="É recomendada que a largura tenha, no máximo, 4x a dimensão da altura (ênfase) escolhida."
					default="" />
				<field name="logo_comlink" type="list" default="0"
					label="Logo com link?" description="Habilita link na logo do cabeçalho.">
					<option value="0">Não</option>
					<option value="1">Página inicial</option>
					<option value="2">Endereço personalizado</option>
				</field>
				<field name="logo_link" type="text" label="Link"
					description="Endereço da página para o link na logo do cabeçalho."
					showon="logo_comlink:2"
					default="" />
				<field name="imagem_logo_footer" type="media" label="Logo (Rodapé)"
					description="É recomendada que a largura tenha, no máximo, 4x a dimensão da altura (ênfase) escolhida."
					default="" />
				<field name="texto_titulo" type="text" label="Título"
					description="Título que identifica o site, sistema ou aplicativo."
					default="Template básico"
					filter="string" />
				<field name="texto_subtitulo" type="text" label="Subtítulo"
					description="Reforça a identificação de uma categoria associada ao título da página, ou descrição do mesmo."
					default=""
					filter="string" />
				<field name="texto_assinatura" type="text" label="Assinatura"
					description="Identifica uma subcategoria ou descrição relacionada à marca."
					default=""
					filter="string" />
				<field name="cabecalhomenu" type="list" label="Cabeçalho do menu principal"
					description="Identifica o site ou sistema." default="1">
					<option value="1">Logo e título</option>
					<option value="2">Apenas logo</option>
					<option value="3">Apenas título</option>
				</field>
				<field name="redes_sociais" type="radio" layout="joomla.form.field.radio.switcher" default="0"
					label="Exibir Redes Sociais" description="Bloco Redes Sociais, exibido no menu lateral e no rodapé da página.">
					<option value="0">Não</option>
					<option value="1">Sim</option>
				</field>
				<field name="redes_instagram" type="text" label="Instagram"
					description="Endereço da página no Instagram"
					showon="redes_sociais:1"
					default="" />
				<field name="redes_twitter" type="text" label="Twitter"
					description="Endereço da página no Twitter"
					showon="redes_sociais:1"
					default="" />
				<field name="redes_facebook" type="text" label="Facebook"
					description="Endereço da página no Facebook"
					showon="redes_sociais:1"
					default="" />
				<field name="redes_youtube" type="text" label="YouTube"
					description="Endereço da página no YouTube"
					showon="redes_sociais:1"
					default="" />
				<field name="texto_menuinfo" type="textarea" label="Informações legais (Rodapé do menu)" rows="1" cols="5"
					description="Apresentado no rodapé do menu."
					default=""
					filter="raw" />
				<field name="componente_atendimentocidadao" type="radio" layout="joomla.form.field.radio.switcher" default="1"
					label="Componente Atendimento ao Cidadão"
					description="A parte de atendimento ao cidadão é um dos componentes fixos do site, possuindo atalhos para a Ouvidoria e os itens dos Canais de Atendimento. Exibido na página inicial." >
					<option value="0">Não</option>
					<option value="1">Sim</option>
				</field>
				<field name="atendimentocidadao_siorg" type="text" label="Órgão SIORG"
					description="Código do órgão SIORG utilizado para direcionamento ao Fala.BR"
					showon="componente_atendimentocidadao:1"
					default="26" />
				<field name="cookies_aviso" type="radio" layout="joomla.form.field.radio.switcher" default="1"
					label="Aviso de cookies"
					description="Habilita a barra de aviso sobre uso de cookies" >
					<option value="0">Não</option>
					<option value="1">Sim</option>
				</field>
				<field name="cookies_mensagem" type="textarea" label="Mensagem sobre cookies" rows="1" cols="5"
					showon="cookies_aviso:1"
					description="Mensagem apresentada na barra de aviso sobre uso de cookies."
					default="N&amp;oacute;s utilizamos cookies para aprimorar a experi&amp;ecirc;ncia de navega&amp;ccedil;&amp;atilde;o em nosso site. Coletamos informa&amp;ccedil;&amp;otilde;es b&amp;aacute;sicas sobre a(s) visita(s) realizadas(s).&amp;lt;br&amp;gt;Se voc&amp;ecirc; concorda, clique em &amp;quot;Ciente&amp;quot;."
					filter="raw" />
				<field name="cookies_leiamais" type="radio" layout="joomla.form.field.radio.switcher" default="0"
					showon="cookies_aviso:1"
					label="Botão Leia Mais"
					description="Habilita o botão com link para mais informações sobre uso de cookies" >
					<option value="0">Não</option>
					<option value="1">Sim</option>
				</field>
				<field name="cookies_leiamais_titulo" type="text" label="Título do botão Leia Mais"
					showon="cookies_leiamais:1"
					description="Texto do botão Leia Mais sobre uso de cookies."
					default="Pol&amp;iacute;tica de cookies" />
				<field name="cookies_leiamais_link" type="text" label="Link do botão Leia Mais"
					showon="cookies_leiamais:1"
					description="Link do botão Leia Mais sobre uso de cookies."
					default="/cookie-banner-information.html" />
				<field name="cookies_ciente_titulo" type="text" label="Título do botão Ciente"
					showon="cookies_aviso:1"
					description="Texto do botão declarando ciência sobre uso de cookies."
					default="Ciente" />
				<field name="imagem_footer_brasil" type="radio" layout="joomla.form.field.radio.switcher" default="1"
					label="Exibir logo Brasil" description="Marca do Governo Federal, exibida no rodapé da página.">
					<option value="0">Não</option>
					<option value="1">Sim</option>
				</field>
				<field name="imagem_footer_brasil_src" type="media" label="Logo Brasil"
					showon="imagem_footer_brasil:1"
					default="" />
				<field name="imagem_footer_acesso" type="radio" layout="joomla.form.field.radio.switcher" default="1"
					label="Exibir logo Acesso à Informação">
					<option value="0">Não</option>
					<option value="1">Sim</option>
				</field>
				<field name="texto_licenca" type="textarea" label="Informações legais" rows="1" cols="5"
					description="Apresentado no rodapé de todas as páginas."
					default="Desenvolvido com o CMS de c&amp;oacute;digo aberto &lt;strong&gt;&lt;a aria-label=&quot;Desenvolvido por Comunidade Joomla&quot; href=&quot;https://www.joomla.org&quot;&gt;Joomla&lt;/a&gt;&lt;/strong&gt;."
					filter="raw" />
			</fieldset>
		</fields>
	</config>
</extension>
