<?xml version="1.0" encoding="UTF-8"?>
<extension type="module" client="site" method="install">
	<name>Leia Mais</name>
	<author>3º Sgt Souza Lima</author>
	<creationDate>27/02/2024</creationDate>
	<license>GNU General Public License version 2 or later; see LICENSE.txt</license>
	<authorEmail>lucas.lima.rk@gmail.com</authorEmail>
	<version>1.0.0</version>
	<description>Módulo de botão leia mais</description>
	<namespace path="modules/mod_readmorenews">Joomla\Module\ReadMoreNews</namespace>
	<files>
		<filename module="mod_readmorenews">mod_readmorenews.php</filename>
		<folder>tmpl</folder>
	</files>


	<help key="Site_Modules:_ReadMoreNews" />
	<config>
		<fields name="params">
			<fieldset name="readmorenews-config" label='Configuração de Exibição'>
                <field name="showbuttonreademore" type="list" label="Exibir botão leia mais" description="Defina se será exposto ou não o botão de leia mais">
                    <option value="yes">Sim</option>
                    <option value="no">Não</option>
                </field>

                <field name="menu-readmore" type="menuitem" default="mainmenu" label="Selecione um menu" description="Selecione um menu para criar o redirecionamento para todos os artigos da categoria" />


            </fieldset>
		</fields>
	</config>
</extension>
