<?xml version="1.0" encoding="UTF-8"?>
<extension type="module" client="site" method="upgrade">
    <name>Imagem PopUp</name>
    <version>1.0.1</version>
    <author>Cb Michels - 8º RC Mec</author>
    <creationDate>2024/08/17</creationDate>
    <license>GNU General Public License version 2 or later; see LICENSE.txt</license>
    <authorEmail>hm_voicolesco@hotmail.com</authorEmail>
    <description>Adiciona uma imagem PopUp na tela assim que a página carregar</description>
    <namespace path="modules/mod_imagempopup">Joomla\Module\Imagem PopUp</namespace>
    <files>
        <filename module="mod_imagempopup">mod_imagempopup.php</filename>
		<folder>tmpl</folder>
    </files>

    <help key="Site_Modules:_ImagemPopUp"/>

    <config>
        <fields name="params">
            <fieldset name="basic-config" label="Configurações do PopUp">
                <field name="imagem" type="media" label="Imagem" description="Imagem que irá aparecer na tela"/>
                <field name="temporizador" type="radio" label="Temporizador" description="Habilita a imagem desaparecer da tela após um período" layout="joomla.form.field.radio.switcher">
                    <option value="0">Não</option>
                    <option value="1">Sim</option>
                </field>
                <field name="segundos" type="integer" label="Desaparecer após quantos segundos" description="Remover a imagem após X segundos" showon="temporizador:1" first="5" last="30" step="1"/>
                <field          name="popuptext" 
                type="editor" 
                label="Texto" 
                description="" 

                filter="safehtml"/>
            </fieldset>
        </fields>
    </config>
</extension>
