<?xml version="1.0" encoding="UTF-8"?>
<extension type="module" client="site" method="upgrade">
	<name>Seção de Links</name>
	<author>3º Sgt Souza Lima</author>
	<creationDate>31/01/2024</creationDate>
	<license>GNU General Public License version 2 or later; see LICENSE.txt</license>
	<authorEmail>lucas.lima.rk@gmail.com</authorEmail>
	<version>1.1.3</version>
	<description>Módulo da seção de links</description>
	<namespace path="modules/mod_links">Joomla\Module\Links</namespace>
	<files>
		<filename module="mod_links">mod_links.php</filename>
		<folder>tmpl</folder>
	</files>

	<help key="Site_Modules:_Links" />
	<config>
		<fields name="params">
			<fieldset name="basic-config" label='Configuração dos Menus'>
		<field name="compact-links" type="radio" label="Links Pequenos" descripition="Deixa os links pequenos sem ícone">
			<option value="0">Não compactar</option>
			<option value="1">Compactar</option>
		</field>
                <field name="section-name" type="text" label="Nome da seção" description='Cria um novo módulo para inserir links' />
                <field name="link-amount" type="list" label='Quantidade de links' description='Escolhe a quantidade de links a serem exibidos na seção' default='4'>
                    
                    <option value="1">1 Links</option>
                    <option value="2">2 Links</option>
                    <option value="3">3 Links</option>
                    <option value="4">4 Links</option>
                    <option value="5">5 Links</option>
                    <option value="6">6 Links</option>
                    <option value="7">7 Links</option>
                    <option value="8">8 Links</option>
                    <option value="9">9 Links</option>
                    <option value="10">10 Links</option>
                    <option value="11">11 Links</option>
                    <option value="12">12 Links</option>
                </field>
                <field name='url-link-1' type='text' label='Link 1' description="Destino do link" showon='link-amount:1,2,3,4,5,6,7,8,9,10,11,12' default=''/>
                <field name='name-link-1' type='text' label='Texto Link 1' description="Nome do link" showon='link-amount:1,2,3,4,5,6,7,8,9,10,11,12' default=''/>
                <field name='icon-link-1' type='text' label='Ícone Link 1' placeholder="Insira a classe do fontawesome do ícone | padrão fas fa-[nome do ícone]" showon='link-amount:1,2,3,4,5,6,7,8,9,10,11,12 AND compact-links:0' default=''/>
               
                <field name='url-link-2' type='text' label='Link 2' description="Destino do link" showon='link-amount:2,3,4,5,6,7,8,9,10,11,12' default=''/>
                <field name='name-link-2' type='text' label='Texto Link 2' description="Nome do link" showon='link-amount:2,3,4,5,6,7,8,9,10,11,12' default=''/>
                <field name='icon-link-2' type='text' label='Ícone Link 2' placeholder="Insira a classe do fontawesome do ícone | padrão fas fa-[nome do ícone]" showon='link-amount:2,3,4,5,6,7,8,9,10,11,12 AND compact-links:0' default=''/>


                <field name='url-link-3' type='text' label='Link 3' description="Destino do link" showon='link-amount:3,4,5,6,7,8,9,10,11,12' default=''/>
                <field name='name-link-3' type='text' label='Texto Link 3' description="Nome do link" showon='link-amount:3,4,5,6,7,8,9,10,11,12' default=''/>
                <field name='icon-link-3' type='text' label='Ícone Link 3' placeholder="Insira a classe do fontawesome do ícone | padrão fas fa-[nome do ícone]" showon='link-amount:3,4,5,6,7,8,9,10,11,12 AND compact-links:0' default=''/>

                <field name='url-link-4' type='text' label='Link 4' description="Destino do link" showon='link-amount:3,4,5,6,7,8,9,10,11,12' default=''/>
                <field name='name-link-4' type='text' label='Texto Link 4' description="Nome do link" showon='link-amount:4,5,6,7,8,9,10,11,12' default=''/>
                <field name='icon-link-4' type='text' label='Ícone Link 4' placeholder="Insira a classe do fontawesome do ícone | padrão fas fa-[nome do ícone]" showon='link-amount:4,5,6,7,8,9,10,11,12 AND compact-links:0' default=''/>

                <field name='url-link-5' type='text' label='Link 5' description="Destino do link" showon='link-amount:5,6,7,8,9,10,11,12' default=''/>
                <field name='name-link-5' type='text' label='Texto Link 5' description="Nome do link" showon='link-amount:5,6,7,8,9,10,11,12' default=''/>
                <field name='icon-link-5' type='text' label='Ícone Link 5' placeholder="Insira a classe do fontawesome do ícone | padrão fas fa-[nome do ícone]" showon='link-amount:5,6,7,8,9,10,11,12 AND compact-links:0' default=''/>

                <field name='url-link-6' type='text' label='Link 6' description="Destino do link" showon='link-amount:6,7,8,9,10,11,12' default=''/>
                <field name='name-link-6' type='text' label='Texto Link 6' description="Nome do link" showon='link-amount:6,7,8,9,10,11,12' default=''/>
                <field name='icon-link-6' type='text' label='Ícone Link 6' placeholder="Insira a classe do fontawesome do ícone | padrão fas fa-[nome do ícone]" showon='link-amount:6,7,8,9,10,11,12 AND compact-links:0' default=''/>

                <field name='url-link-7' type='text' label='Link 7' description="Destino do link" showon='link-amount:7,8,9,10,11,12' default=''/>
                <field name='name-link-7' type='text' label='Texto Link 7' description="Nome do link" showon='link-amount:7,8,9,10,11,12' default=''/>
                <field name='icon-link-7' type='text' label='Ícone Link 7' placeholder="Insira a classe do fontawesome do ícone | padrão fas fa-[nome do ícone]" showon='link-amount:7,8,9,10,11,12 AND compact-links:0' default=''/>

                <field name='url-link-8' type='text' label='Link 8' description="Destino do link" showon='link-amount:8,9,10,11,12' default=''/>
                <field name='name-link-8' type='text' label='Texto Link 8' description="Nome do link" showon='link-amount:8,9,10,11,12' default=''/>
                <field name='icon-link-8' type='text' label='Ícone Link 8' placeholder="Insira a classe do fontawesome do ícone | padrão fas fa-[nome do ícone]" showon='link-amount:8,9,10,11,12 AND compact-links:0' default=''/>

                <field name='url-link-9' type='text' label='Link 9' description="Destino do link" showon='link-amount:9,10,11,12' default=''/>
                <field name='name-link-9' type='text' label='Texto Link 9' description="Nome do link" showon='link-amount:9,10,11,12' default=''/>
                <field name='icon-link-9' type='text' label='Ícone Link 9' placeholder="Insira a classe do fontawesome do ícone | padrão fas fa-[nome do ícone]" showon='link-amount:9,10,11,12 AND compact-links:0' default=''/>

                <field name='url-link-10' type='text' label='Link 10' description="Destino do link" showon='link-amount:10,11,12' default=''/>
                <field name='name-link-10' type='text' label='Texto Link 10' description="Nome do link" showon='link-amount:10,11,12' default=''/>
                <field name='icon-link-10' type='text' label='Ícone Link 10' placeholder="Insira a classe do fontawesome do ícone | padrão fas fa-[nome do ícone]" showon='link-amount:10,11,12 AND compact-links:0' default=''/>

                <field name='url-link-11' type='text' label='Link 11' description="Destino do link" showon='link-amount:11,12' default=''/>
                <field name='name-link-11' type='text' label='Texto Link 11' description="Nome do link" showon='link-amount:11,12' default=''/>
                <field name='icon-link-11' type='text' label='Ícone Link 11' placeholder="Insira a classe do fontawesome do ícone | padrão fas fa-[nome do ícone]" showon='link-amount:11,12 AND compact-links:0' default=''/>

                <field name='url-link-12' type='text' label='Link 12' description="Destino do link" showon='link-amount:12' default=''/>
                <field name='name-link-12' type='text' label='Texto Link 12' description="Nome do link" showon='link-amount:12' default=''/>
                <field name='icon-link-12' type='text' label='Ícone Link 12' placeholder="Insira a classe do fontawesome do ícone | padrão fas fa-[nome do ícone]" showon='link-amount:12 AND compact-links:0' default=''/>

            </fieldset>
		</fields>
	</config>
</extension>
