<?xml version="1.0" encoding="UTF-8"?>
<extension type="module" client="site" method="upgrade">
	<name>Módulo de Feed do Instagram</name>
	<author>3º Sgt Souza Lima</author>
	<creationDate>13/11/2024</creationDate>
	<license>GNU General Public License version 2 or later; see LICENSE.txt</license>
	<authorEmail>lucas.lima.rk@gmail.com</authorEmail>
	<version>1.0.0</version>
	<description><![CDATA[
		<h1>Módulo Instagram Feed</h1>
	    <br>
		<strong>Adicione o feed do instagram da sua OM no seu site<br></strong>
		<br><br>
		<p style='color: red;text-weight:bold'>Tenha certeza que o firewall está configurado para acesso a sites externos</p>
		<small>Versão atual: 1.0.0</small>
		<small>última atualização: 13/11/2024</small>
		]]></description>
	<namespace path="modules/mod_instafeed">Joomla\Module\Instafeed</namespace>
	<files>
		<filename module="mod_instafeed">mod_instafeed.php</filename>
		<folder>tmpl</folder>
		<folder>js</folder>
        
	</files>
        <scripts>
        <script src="modules/mod_instafeed/js/embed.js" />
        <script src="modules/mod_instafeed/js/instagramfeed1707.js" />
    </scripts>

	<help key="Site_Modules:_Instafeed" />
	<config>
		<fields name="params">
			<fieldset name="basic-config" label='Configuração dos Menus'>
                <field name="profile" type="text" label='Perfil do Instagram' hint='oficial_exercito ou om_exercito' />
            </fieldset>
		</fields>
	</config>
</extension>
